"","video_id"
"1","khl_jrfz-ws"
"2","Kkm-LnhiwGQ"
"3","1ntJS8q74k4"
"4","58of4qFifBM"
"5","pnbyue-Jh9k"
"6","WS1mVfnfLK8"
"7","8_MdFmLSbaY"
"8","Nm2K9usYpfY"
"9","H12C70upjLU"
"10","One2rMI8chY"
"11","X6d79bon-n8"
"12","XtvBFMOwqsU"
"13","reMxrzKTyNU"
"14","CWqSCn0SG10"
"15","xkI9StSO9AM"
"16","u6lrbCViLTM"
"17","FxdeOb1U2HA"
"18","ELUAGpc43tg"
"19","KK29Ry8Zx2I"
"20","vB_y--drYjM"
"21","X63OVtokffA"
"22","f0R4T8xaS04"
"23","Y_ypI1026i4"
"24","gyQWxeaqJ3M"
"25","vii2ZzwUhzI"
"26","CHdCy31Ihro"
"27","ScTQqlZL3EQ"
"28","hyJN7A4B8F0"
"29","6dGoe-1csKY"
"30","OeHlFSiTAPk"
"31","cCfGhfKa7cI"
"32","RxnIWNbxY70"
"33","eDEsSdR6vvo"
"34","s15wXPP1UNw"
"35","exQ6iwxmsIo"
"36","n-g7m_ROyds"
"37","fZnUu_QMTN4"
"38","0pq71XoRcgw"
"39","nmjp97NtrRI"
"40","tva9Kl62-Ck"
"41","oJMpR_xlxIY"
"42","eQpYsueOSPo"
"43","pzorv3VkwZE"
"44","-oZIQdDQfro"
"45","m94CWXpu6W8"
"46","l-CR-77ElnU"
"47","6HodlyNwmoU"
"48","LFsPY8NhCSw"
"49","xj1t_9eQ71g"
"50","QsOyGQljH_M"
"51","9_49mZZwlBM"
"52","xjNG90UjuII"
"53","sD93lPFOY6s"
"54","yfdRolzdLVE"
"55","nyy8_TisAlE"
"56","nwJ88RCBcfE"
"57","4uNlwM0ZfY8"
"58","fAgo_BNUB_g"
"59","NJgHNeFVQqg"
"60","I-L_MDmJxU0"
"61","P7mLMSo17jc"
"62","AMKnqlZzRcM"
"63","tpyQzfYDh1Y"
"64","vMxNmFZ2ijY"
"65","Hbi2rTyz42U"
"66","9j3Y7LYl3H8"
"67","hh1y2FbdHvA"
"68","jR3hyPi0Dbc"
"69","rEpEO02CdwY"
"70","6WVTW2qTqrI"
"71","QE5vDJx6Hgg"
"72","kO_RRl27BFU"
"73","e7p-ucdI5_I"
"74","bkgPYiJvFqg"
"75","S5JcFNvl3kE"
"76","dCdMYNbK8Vs"
"77","pdndmLXJT9w"
"78","zX1r4cczTT0"
"79","X0f_8M1jinE"
"80","NFap7zUpzOg"
"81","5c9VDBG5Epw"
"82","P-A-j2rlsvo"
"83","pccO0anCKZY"
"84","a2l3o6Rzyzg"
"85","00wiwO6nzRk"
"86","WFgMAhpGEXw"
"87","Nm1tOpo5Pwo"
"88","6AVztTAVlxc"
"89","1Cwqhd2me2U"
"90","L_xu6Koreqs"
"91","B7oeiUvMqXA"
"92","JI8WYhOdhtA"
"93","l8jKCfUx-Oc"
"94","CUNeMprEkDA"
"95","8h3hJJbdJQA"
"96","i_i__q2RI7Q"
"97","saDUi6_xQKU"
"98","4kggrlYjGo8"
"99","MjP40h_BFfk"
"100","toSuVK9nsAE"
"101","SAnc49e-G08"
"102","Be70pP6C4ow"
"103","X4UJL1V01xk"
"104","Pv0_ue4PWpk"
"105","lu92NvB-xcA"
"106","sli3C0KTDh8"
"107","zJ5A5CdlnTo"
"108","ivSIL5lVKcQ"
"109","HwWQveEGCNA"
"110","mbF6V2ouS28"
"111","EJjG_aK0tIU"
"112","zlmRdQanHlc"
"113","fdryZIr7Cp4"
"114","EFnXxL8sJ74"
"115","BbtNEZizabs"
"116","MSivWA97EdQ"
"117","i4BoYm405Zk"
"118","BEDSulIgCQc"
"119","OxeoGczp0Qg"
"120","IX5QmxD9kVE"
"121","rBfnUffVx-8"
"122","5mifHOOfcE8"
"123","-L2Xv5-EmUo"
"124","fxDjKGGCYRc"
"125","nsO2-Pwoa5s"
"126","LIMy-Bp353E"
"127","aVDeTMPuyDM"
"128","6qC-ZLOK-8Y"
"129","ViAn7COdDqo"
"130","tN1PUSSybYA"
"131","RUAXoNP9WiU"
"132","-pbadnjeRhY"
"133","JX54Kz7DaZQ"
"134","Ghbw0DOaNHY"
"135","qDAxDcjgn-8"
"136","_bk9VFReGyw"
"137","pI4uPs5dLRs"
"138","EnGPUH911nU"
"139","zSoh4uADfus"
"140","W9ysTOF7S8Q"
"141","GiStPHGw0lo"
"142","aEJu27tjvcI"
"143","8qqWsWdvjIw"
"144","mlDLwLq3q-s"
"145","ZwKvfRTE6Pc"
"146","NOnVXp-n-pQ"
"147","kJmjvul_6sw"
"148","2xKdxJYSns4"
"149","AoLy1rgowWg"
"150","3ghLdT_YaF0"
"151","6GDPN4Hs_44"
"152","WfkRmx6EAPY"
"153","ollymEkLEyk"
"154","cKmbySC3V6U"
"155","8M_Z-HV9dgA"
"156","yfLG6UBCSEU"
"157","OAbaZQPj97o"
"158","SnGDdI4hkLE"
"159","j8AtABx7z-k"
"160","guCMYIlKSac"
"161","GOiKwhasaNA"
"162","P0C3V8Acjcw"
"163","hdLOjt50fbY"
"164","M6eB1cUUQds"
"165","T_Xo9WU4vVM"
"166","Oycn5qvjymU"
"167","aXou_Y-8fcQ"
"168","kjSTPQQg194"
"169","yAvxIjuOF6E"
"170","voklugoW7e0"
"171","Nb8p-hRWpXE"
"172","DXl_9cCuaAU"
"173","XV6nHQJMe7g"
"174","8cyqJakd27c"
"175","KGLwTJ47stQ"
"176","45xt7d6L538"
