,0
0,An exception occurred
1,An exception occurred
2,An exception occurred
3,An exception occurred
4,An exception occurred
5,An exception occurred
6,An exception occurred
7,An exception occurred
8,An exception occurred
9,An exception occurred
10,An exception occurred
11,An exception occurred
12,An exception occurred
13,An exception occurred
14,An exception occurred
15,An exception occurred
16,An exception occurred
17,An exception occurred
18,An exception occurred
19,An exception occurred
20,An exception occurred
21,An exception occurred
22,An exception occurred
23,An exception occurred
24,An exception occurred
25,An exception occurred
26,An exception occurred
27,An exception occurred
28,An exception occurred
29,An exception occurred
30,An exception occurred
31,An exception occurred
32,An exception occurred
33,An exception occurred
34,An exception occurred
35,An exception occurred
36,An exception occurred
37,An exception occurred
38,An exception occurred
39,An exception occurred
40,An exception occurred
41,An exception occurred
42,An exception occurred
43,An exception occurred
44,An exception occurred
45,An exception occurred
46,An exception occurred
47,An exception occurred
48,An exception occurred
49,An exception occurred
50,An exception occurred
51,An exception occurred
52,An exception occurred
53,An exception occurred
54,An exception occurred
55,An exception occurred
56,An exception occurred
57,An exception occurred
58,An exception occurred
59,An exception occurred
60,An exception occurred
61,An exception occurred
62,An exception occurred
63,An exception occurred
64,An exception occurred
65,An exception occurred
66,An exception occurred
67,An exception occurred
68,An exception occurred
69,An exception occurred
70,An exception occurred
71,An exception occurred
72,An exception occurred
73,An exception occurred
74,An exception occurred
75,An exception occurred
76,An exception occurred
77,An exception occurred
78,An exception occurred
79,An exception occurred
80,An exception occurred
81,An exception occurred
82,An exception occurred
83,An exception occurred
84,An exception occurred
85,An exception occurred
86,An exception occurred
87,An exception occurred
88,An exception occurred
89,An exception occurred
90,An exception occurred
91,An exception occurred
92,An exception occurred
93,An exception occurred
94,An exception occurred
95,An exception occurred
96,An exception occurred
97,An exception occurred
98,An exception occurred
99,An exception occurred
100,An exception occurred
101,An exception occurred
102,An exception occurred
103,An exception occurred
104,An exception occurred
105,An exception occurred
106,An exception occurred
107,An exception occurred
108,An exception occurred
109,An exception occurred
110,An exception occurred
111,An exception occurred
112,An exception occurred
113,An exception occurred
114,An exception occurred
115,An exception occurred
116,An exception occurred
117,An exception occurred
118,An exception occurred
119,An exception occurred
120,An exception occurred
121,An exception occurred
122,An exception occurred
123,An exception occurred
124,An exception occurred
125,An exception occurred
126,An exception occurred
127,An exception occurred
128,An exception occurred
129,An exception occurred
130,An exception occurred
131,An exception occurred
132,An exception occurred
133,An exception occurred
134,An exception occurred
135,An exception occurred
136,An exception occurred
137,An exception occurred
138,An exception occurred
139,An exception occurred
140,An exception occurred
141,An exception occurred
142,An exception occurred
143,An exception occurred
144,An exception occurred
145,An exception occurred
146,An exception occurred
147,An exception occurred
148,An exception occurred
149,An exception occurred
150,An exception occurred
151,An exception occurred
152,An exception occurred
153,An exception occurred
154,An exception occurred
155,An exception occurred
156,An exception occurred
157,An exception occurred
158,An exception occurred
159,An exception occurred
160,An exception occurred
161,An exception occurred
162,An exception occurred
163,An exception occurred
164,An exception occurred
165,An exception occurred
166,An exception occurred
167,An exception occurred
168,An exception occurred
169,An exception occurred
170,An exception occurred
171,An exception occurred
172,An exception occurred
173,An exception occurred
174,An exception occurred
175,An exception occurred
